Reference, Value, Footprint, Datasheet
"U1","RY8122","Package_TO_SOT_SMD:SOT-23-6_Handsoldering",""
"C3","0.1uF","Capacitor_SMD:C_0805_2012Metric_Pad1.18x1.45mm_HandSolder","~"
"L1","4.7uH","Inductor_SMD:L_Coilcraft_LPS4018","~"
"C5","22uF 10V","Capacitor_SMD:C_0805_2012Metric_Pad1.18x1.45mm_HandSolder","~"
"C4","100pF","Capacitor_SMD:C_0805_2012Metric_Pad1.18x1.45mm_HandSolder","~"
"R2","68.1K","Resistor_SMD:R_0805_2012Metric_Pad1.20x1.40mm_HandSolder","~"
"R3","13K","Resistor_SMD:R_0805_2012Metric_Pad1.20x1.40mm_HandSolder","~"
"R1","20K","Resistor_SMD:R_0805_2012Metric_Pad1.20x1.40mm_HandSolder","~"
"C2","0.1uF 25V","Capacitor_SMD:C_0805_2012Metric_Pad1.18x1.45mm_HandSolder","~"
"C1","10uF 25V","Capacitor_SMD:C_0805_2012Metric_Pad1.18x1.45mm_HandSolder","~"
"J1","Conn_01x01_Female","Connector_PinSocket_2.54mm:PinSocket_1x01_P2.54mm_Vertical","~"
"J2","Conn_01x01_Female","Connector_PinSocket_2.54mm:PinSocket_1x01_P2.54mm_Vertical","~"
"J3","Conn_01x01_Female","Connector_PinSocket_2.54mm:PinSocket_1x01_P2.54mm_Vertical","~"
"J4","Conn_01x01_Female","Connector_PinSocket_2.54mm:PinSocket_1x01_P2.54mm_Vertical","~"
