<?xml version="1.0" encoding="UTF-8"?>
<export version="D">
  <design>
    <source>D:\Files\DC-DC\DCDC.sch</source>
    <date>2021/12/27 11:02:55</date>
    <tool>Eeschema (5.1.10)-1</tool>
    <sheet number="1" name="/" tstamps="/">
      <title_block>
        <title/>
        <company/>
        <rev/>
        <date/>
        <source>DCDC.sch</source>
        <comment number="1" value=""/>
        <comment number="2" value=""/>
        <comment number="3" value=""/>
        <comment number="4" value=""/>
      </title_block>
    </sheet>
  </design>
  <components>
    <comp ref="U1">
      <value>RY8122</value>
      <footprint>Package_TO_SOT_SMD:SOT-23-6_Handsoldering</footprint>
      <libsource lib="DCDC-rescue" part="RY8122-DCDC" description=""/>
      <sheetpath names="/" tstamps="/"/>
      <tstamp>61C0367A</tstamp>
    </comp>
    <comp ref="C3">
      <value>0.1uF</value>
      <footprint>Capacitor_SMD:C_0805_2012Metric_Pad1.18x1.45mm_HandSolder</footprint>
      <datasheet>~</datasheet>
      <libsource lib="Device" part="C" description="Unpolarized capacitor"/>
      <sheetpath names="/" tstamps="/"/>
      <tstamp>61C97DE9</tstamp>
    </comp>
    <comp ref="L1">
      <value>4.7uH</value>
      <footprint>Inductor_SMD:L_Coilcraft_LPS4018</footprint>
      <datasheet>~</datasheet>
      <libsource lib="Device" part="L" description="Inductor"/>
      <sheetpath names="/" tstamps="/"/>
      <tstamp>61C98D67</tstamp>
    </comp>
    <comp ref="C5">
      <value>22uF 10V</value>
      <footprint>Capacitor_SMD:C_0805_2012Metric_Pad1.18x1.45mm_HandSolder</footprint>
      <datasheet>~</datasheet>
      <libsource lib="Device" part="C" description="Unpolarized capacitor"/>
      <sheetpath names="/" tstamps="/"/>
      <tstamp>61C9EF06</tstamp>
    </comp>
    <comp ref="C4">
      <value>100pF</value>
      <footprint>Capacitor_SMD:C_0805_2012Metric_Pad1.18x1.45mm_HandSolder</footprint>
      <datasheet>~</datasheet>
      <libsource lib="Device" part="C" description="Unpolarized capacitor"/>
      <sheetpath names="/" tstamps="/"/>
      <tstamp>61CA242F</tstamp>
    </comp>
    <comp ref="R2">
      <value>68.1K</value>
      <footprint>Resistor_SMD:R_0805_2012Metric_Pad1.20x1.40mm_HandSolder</footprint>
      <datasheet>~</datasheet>
      <libsource lib="Device" part="R" description="Resistor"/>
      <sheetpath names="/" tstamps="/"/>
      <tstamp>61CA3645</tstamp>
    </comp>
    <comp ref="R3">
      <value>13K</value>
      <footprint>Resistor_SMD:R_0805_2012Metric_Pad1.20x1.40mm_HandSolder</footprint>
      <datasheet>~</datasheet>
      <libsource lib="Device" part="R" description="Resistor"/>
      <sheetpath names="/" tstamps="/"/>
      <tstamp>61CA4486</tstamp>
    </comp>
    <comp ref="R1">
      <value>20K</value>
      <footprint>Resistor_SMD:R_0805_2012Metric_Pad1.20x1.40mm_HandSolder</footprint>
      <datasheet>~</datasheet>
      <libsource lib="Device" part="R" description="Resistor"/>
      <sheetpath names="/" tstamps="/"/>
      <tstamp>61CA5A11</tstamp>
    </comp>
    <comp ref="C2">
      <value>0.1uF 25V</value>
      <footprint>Capacitor_SMD:C_0805_2012Metric_Pad1.18x1.45mm_HandSolder</footprint>
      <datasheet>~</datasheet>
      <libsource lib="Device" part="C" description="Unpolarized capacitor"/>
      <sheetpath names="/" tstamps="/"/>
      <tstamp>61CA839A</tstamp>
    </comp>
    <comp ref="C1">
      <value>10uF 25V</value>
      <footprint>Capacitor_SMD:C_0805_2012Metric_Pad1.18x1.45mm_HandSolder</footprint>
      <datasheet>~</datasheet>
      <libsource lib="Device" part="C" description="Unpolarized capacitor"/>
      <sheetpath names="/" tstamps="/"/>
      <tstamp>61CA8BCD</tstamp>
    </comp>
    <comp ref="J1">
      <value>Conn_01x01_Female</value>
      <footprint>Connector_PinSocket_2.54mm:PinSocket_1x01_P2.54mm_Vertical</footprint>
      <datasheet>~</datasheet>
      <libsource lib="Connector" part="Conn_01x01_Female" description="Generic connector, single row, 01x01, script generated (kicad-library-utils/schlib/autogen/connector/)"/>
      <sheetpath names="/" tstamps="/"/>
      <tstamp>61CABF38</tstamp>
    </comp>
    <comp ref="J2">
      <value>Conn_01x01_Female</value>
      <footprint>Connector_PinSocket_2.54mm:PinSocket_1x01_P2.54mm_Vertical</footprint>
      <datasheet>~</datasheet>
      <libsource lib="Connector" part="Conn_01x01_Female" description="Generic connector, single row, 01x01, script generated (kicad-library-utils/schlib/autogen/connector/)"/>
      <sheetpath names="/" tstamps="/"/>
      <tstamp>61CAC7A0</tstamp>
    </comp>
    <comp ref="J3">
      <value>Conn_01x01_Female</value>
      <footprint>Connector_PinSocket_2.54mm:PinSocket_1x01_P2.54mm_Vertical</footprint>
      <datasheet>~</datasheet>
      <libsource lib="Connector" part="Conn_01x01_Female" description="Generic connector, single row, 01x01, script generated (kicad-library-utils/schlib/autogen/connector/)"/>
      <sheetpath names="/" tstamps="/"/>
      <tstamp>61CAD420</tstamp>
    </comp>
    <comp ref="J4">
      <value>Conn_01x01_Female</value>
      <footprint>Connector_PinSocket_2.54mm:PinSocket_1x01_P2.54mm_Vertical</footprint>
      <datasheet>~</datasheet>
      <libsource lib="Connector" part="Conn_01x01_Female" description="Generic connector, single row, 01x01, script generated (kicad-library-utils/schlib/autogen/connector/)"/>
      <sheetpath names="/" tstamps="/"/>
      <tstamp>61CADB30</tstamp>
    </comp>
  </components>
  <libparts>
    <libpart lib="Connector" part="Conn_01x01_Female">
      <description>Generic connector, single row, 01x01, script generated (kicad-library-utils/schlib/autogen/connector/)</description>
      <docs>~</docs>
      <footprints>
        <fp>Connector*:*</fp>
      </footprints>
      <fields>
        <field name="Reference">J</field>
        <field name="Value">Conn_01x01_Female</field>
      </fields>
      <pins>
        <pin num="1" name="Pin_1" type="passive"/>
      </pins>
    </libpart>
    <libpart lib="DCDC-rescue" part="RY8122-DCDC">
      <fields>
        <field name="Reference">U</field>
        <field name="Value">RY8122-DCDC</field>
      </fields>
      <pins>
        <pin num="1" name="IN" type="power_in"/>
        <pin num="2" name="EN" type="input"/>
        <pin num="3" name="GND" type="passive"/>
        <pin num="4" name="FB" type="passive"/>
        <pin num="5" name="SW" type="power_out"/>
        <pin num="6" name="BS" type="passive"/>
      </pins>
    </libpart>
    <libpart lib="Device" part="C">
      <description>Unpolarized capacitor</description>
      <docs>~</docs>
      <footprints>
        <fp>C_*</fp>
      </footprints>
      <fields>
        <field name="Reference">C</field>
        <field name="Value">C</field>
      </fields>
      <pins>
        <pin num="1" name="~" type="passive"/>
        <pin num="2" name="~" type="passive"/>
      </pins>
    </libpart>
    <libpart lib="Device" part="L">
      <description>Inductor</description>
      <docs>~</docs>
      <footprints>
        <fp>Choke_*</fp>
        <fp>*Coil*</fp>
        <fp>Inductor_*</fp>
        <fp>L_*</fp>
      </footprints>
      <fields>
        <field name="Reference">L</field>
        <field name="Value">L</field>
      </fields>
      <pins>
        <pin num="1" name="1" type="passive"/>
        <pin num="2" name="2" type="passive"/>
      </pins>
    </libpart>
    <libpart lib="Device" part="R">
      <description>Resistor</description>
      <docs>~</docs>
      <footprints>
        <fp>R_*</fp>
      </footprints>
      <fields>
        <field name="Reference">R</field>
        <field name="Value">R</field>
      </fields>
      <pins>
        <pin num="1" name="~" type="passive"/>
        <pin num="2" name="~" type="passive"/>
      </pins>
    </libpart>
  </libparts>
  <libraries>
    <library logical="Connector">
      <uri>D:\LenovoSoftstore\Install\KiCad\share\kicad\library/Connector.lib</uri>
    </library>
    <library logical="DCDC-rescue">
      <uri>D:\Files\DC-DC/DCDC-rescue.lib</uri>
    </library>
    <library logical="Device">
      <uri>D:\LenovoSoftstore\Install\KiCad\share\kicad\library/Device.lib</uri>
    </library>
  </libraries>
  <nets>
    <net code="1" name="+12V">
      <node ref="J1" pin="1"/>
      <node ref="R1" pin="1"/>
      <node ref="U1" pin="1"/>
      <node ref="C2" pin="1"/>
      <node ref="C1" pin="1"/>
    </net>
    <net code="2" name="GND">
      <node ref="J4" pin="1"/>
      <node ref="J3" pin="1"/>
      <node ref="C5" pin="2"/>
      <node ref="U1" pin="3"/>
      <node ref="R3" pin="2"/>
      <node ref="C1" pin="2"/>
      <node ref="C2" pin="2"/>
    </net>
    <net code="3" name="Net-(R1-Pad2)">
      <node ref="U1" pin="2"/>
      <node ref="R1" pin="2"/>
    </net>
    <net code="4" name="+5V">
      <node ref="R2" pin="1"/>
      <node ref="C4" pin="1"/>
      <node ref="L1" pin="2"/>
      <node ref="J2" pin="1"/>
      <node ref="C5" pin="1"/>
    </net>
    <net code="5" name="Net-(C3-Pad2)">
      <node ref="C3" pin="2"/>
      <node ref="U1" pin="6"/>
    </net>
    <net code="6" name="Net-(C3-Pad1)">
      <node ref="C3" pin="1"/>
      <node ref="L1" pin="1"/>
      <node ref="U1" pin="5"/>
    </net>
    <net code="7" name="Net-(C4-Pad2)">
      <node ref="R3" pin="1"/>
      <node ref="C4" pin="2"/>
      <node ref="R2" pin="2"/>
      <node ref="U1" pin="4"/>
    </net>
  </nets>
</export>
