<?xml version="1.0" encoding="UTF-8"?>
<export version="D">
  <design>
    <source>D:\Files\文档\大二上\电子测试平台报告\PIC\PIC\PIC.sch</source>
    <date>2021/12/13 13:04:04</date>
    <tool>Eeschema (5.1.10)-1</tool>
    <sheet number="1" name="/" tstamps="/">
      <title_block>
        <title>PIC</title>
        <company/>
        <rev/>
        <date/>
        <source>PIC.sch</source>
        <comment number="1" value=""/>
        <comment number="2" value=""/>
        <comment number="3" value=""/>
        <comment number="4" value=""/>
      </title_block>
    </sheet>
  </design>
  <components>
    <comp ref="R2">
      <value>1k</value>
      <footprint>Resistor_THT:R_Axial_DIN0207_L6.3mm_D2.5mm_P2.54mm_Vertical</footprint>
      <datasheet>~</datasheet>
      <libsource lib="Device" part="R" description="Resistor"/>
      <sheetpath names="/" tstamps="/"/>
      <tstamp>61B75078</tstamp>
    </comp>
    <comp ref="R1">
      <value>100</value>
      <footprint>Resistor_THT:R_Axial_DIN0207_L6.3mm_D2.5mm_P2.54mm_Vertical</footprint>
      <datasheet>~</datasheet>
      <libsource lib="Device" part="R" description="Resistor"/>
      <sheetpath names="/" tstamps="/"/>
      <tstamp>61B75973</tstamp>
    </comp>
    <comp ref="U1">
      <value>PIC12C508A-ISN</value>
      <footprint>Package_DIP:DIP-8_W7.62mm</footprint>
      <datasheet>http://ww1.microchip.com/downloads/en/devicedoc/40139e.pdf</datasheet>
      <libsource lib="MCU_Microchip_PIC12" part="PIC12C508A-ISN" description="PIC12C508A, 512W EPROM, 25B SRAM, SO8"/>
      <sheetpath names="/" tstamps="/"/>
      <tstamp>61B7A314</tstamp>
    </comp>
    <comp ref="D1">
      <value>LED</value>
      <footprint>LED_THT:LED_D5.0mm</footprint>
      <datasheet>~</datasheet>
      <libsource lib="Device" part="LED" description="Light emitting diode"/>
      <sheetpath names="/" tstamps="/"/>
      <tstamp>61B7B0FA</tstamp>
    </comp>
    <comp ref="J1">
      <value>MYCONN3</value>
      <footprint>Connector:Banana_Jack_3Pin</footprint>
      <libsource lib="New_Library" part="MYCONN3" description=""/>
      <sheetpath names="/" tstamps="/"/>
      <tstamp>61B7D9BC</tstamp>
    </comp>
  </components>
  <libparts>
    <libpart lib="Device" part="LED">
      <description>Light emitting diode</description>
      <docs>~</docs>
      <footprints>
        <fp>LED*</fp>
        <fp>LED_SMD:*</fp>
        <fp>LED_THT:*</fp>
      </footprints>
      <fields>
        <field name="Reference">D</field>
        <field name="Value">LED</field>
      </fields>
      <pins>
        <pin num="1" name="K" type="passive"/>
        <pin num="2" name="A" type="passive"/>
      </pins>
    </libpart>
    <libpart lib="Device" part="R">
      <description>Resistor</description>
      <docs>~</docs>
      <footprints>
        <fp>R_*</fp>
      </footprints>
      <fields>
        <field name="Reference">R</field>
        <field name="Value">R</field>
      </fields>
      <pins>
        <pin num="1" name="~" type="passive"/>
        <pin num="2" name="~" type="passive"/>
      </pins>
    </libpart>
    <libpart lib="MCU_Microchip_PIC12" part="PIC12C508A-IP">
      <aliases>
        <alias>PIC12C508A-ISN</alias>
        <alias>PIC12C508A-ISM</alias>
        <alias>PIC12C508A-IJW</alias>
      </aliases>
      <description>512W EPROM, 25B SRAM, PDIP8</description>
      <docs>http://ww1.microchip.com/downloads/en/devicedoc/40139e.pdf</docs>
      <footprints>
        <fp>DIP*W7.62mm*</fp>
      </footprints>
      <fields>
        <field name="Reference">U</field>
        <field name="Value">PIC12C508A-IP</field>
        <field name="Footprint">Package_DIP:DIP-8_W7.62mm</field>
      </fields>
      <pins>
        <pin num="1" name="VDD" type="power_in"/>
        <pin num="2" name="GP5" type="BiDi"/>
        <pin num="3" name="GP4" type="BiDi"/>
        <pin num="4" name="GP3" type="input"/>
        <pin num="5" name="GP2" type="BiDi"/>
        <pin num="6" name="GP1" type="BiDi"/>
        <pin num="7" name="GP0" type="BiDi"/>
        <pin num="8" name="VSS" type="power_in"/>
      </pins>
    </libpart>
    <libpart lib="New_Library" part="MYCONN3">
      <fields>
        <field name="Reference">J</field>
        <field name="Value">MYCONN3</field>
      </fields>
      <pins>
        <pin num="1" name="vcc" type="power_in"/>
        <pin num="2" name="输入" type="input"/>
        <pin num="3" name="GND" type="passive"/>
      </pins>
    </libpart>
  </libparts>
  <libraries>
    <library logical="Device">
      <uri>D:\LenovoSoftstore\Install\KiCad\share\kicad\library/Device.lib</uri>
    </library>
    <library logical="MCU_Microchip_PIC12">
      <uri>D:\LenovoSoftstore\Install\KiCad\share\kicad\library/MCU_Microchip_PIC12.lib</uri>
    </library>
    <library logical="New_Library">
      <uri>D:\Files\文档\大二上\电子测试平台报告\PIC\PIC/New_Library.lib</uri>
    </library>
  </libraries>
  <nets>
    <net code="1" name="/uCtoLED">
      <node ref="U1" pin="7"/>
      <node ref="D1" pin="1"/>
    </net>
    <net code="2" name="/INPUTtoR">
      <node ref="R1" pin="2"/>
      <node ref="J1" pin="2"/>
    </net>
    <net code="3" name="/LEDtoR">
      <node ref="R2" pin="2"/>
      <node ref="D1" pin="2"/>
    </net>
    <net code="4" name="GND">
      <node ref="U1" pin="8"/>
      <node ref="J1" pin="3"/>
    </net>
    <net code="5" name="VCC">
      <node ref="R2" pin="1"/>
      <node ref="U1" pin="1"/>
      <node ref="J1" pin="1"/>
    </net>
    <net code="6" name="Net-(U1-Pad4)">
      <node ref="U1" pin="4"/>
    </net>
    <net code="7" name="Net-(U1-Pad3)">
      <node ref="U1" pin="3"/>
    </net>
    <net code="8" name="Net-(U1-Pad2)">
      <node ref="U1" pin="2"/>
    </net>
    <net code="9" name="Net-(U1-Pad5)">
      <node ref="U1" pin="5"/>
    </net>
    <net code="10" name="/INPUT">
      <node ref="R1" pin="1"/>
      <node ref="U1" pin="6"/>
    </net>
  </nets>
</export>
